{
  "date": "Thu May 02 12:23:41 EDT 2019",
  "author": "jorgaf",
  "description": "File created by Loxa Web site exporter. http://www.j4loxa.com/sna/gephi/plugins/index.html",
  "graphs": [
    {
      "name": "Workspace8",
      "title": "Title to Workspace8",
      "tip": "",
      "nodes": "199",
      "edges": "209",
      "description": "",
      "imgColorDescription": "",
      "graphfile": "Workspace8/Workspace8.csv",
      "pdffile": "Workspace8/Workspace8.pdf",
      "browsegraph": "Workspace8/Workspace8.gexf",
      "type": "Undirected",
      "metrics": [
        {
          "name": "Metric 1",
          "value": "0,00",
          "description": "Description for metric 1"
        },
        {
          "name": "Metric 2",
          "value": "0,00",
          "description": "Description for metric 2"
        },
        {
          "name": "Metric 3",
          "value": "0,00",
          "description": "Description for metric 3"
        },
        {
          "name": "Metric 4",
          "value": "0,00",
          "description": "Description for metric 4"
        },
        {
          "name": "Metric 5",
          "value": "0,00",
          "description": "Description for metric 5"
        },
        {
          "name": "Metric 6",
          "value": "0,00",
          "description": "Description for metric 6"
        },
        {
          "name": "Metric 7",
          "value": "0,00",
          "description": "Description for metric 7"
        },
        {
          "name": "Metric 8",
          "value": "0,00",
          "description": "Description for metric 8"
        }
      ]
    }
  ]
}